{
  "Genesis": [
    {
      "verse": "1:1",
      "text": "In the beginning God created the heaven and the earth."
    },
    {
      "verse": "1:2",
      "text": "And the earth was without form, and void; and darkness was upon the face of the deep."
    }
  ],
  "Exodus": [
    {
      "verse": "1:1",
      "text": "Now these are the names of the children of Israel, which came into Egypt; every man and his household came with Jacob."
    }
  ],
  "Psalms": [
    {
      "verse": "23:1",
      "text": "The Lord is my shepherd; I shall not want."
    },
    {
      "verse": "23:4",
      "text": "Yea, though I walk through the valley of the shadow of death, I will fear no evil."
    }
  ]
}